	precision	recall	f1-score	support
0	0.9090909090909091	0.9090909090909091	0.9090909090909091	11.0
1	0.8571428571428571	0.8571428571428571	0.8571428571428571	7.0
2	1.0	1.0	1.0	6.0
accuracy	0.9166666666666666	0.9166666666666666	0.9166666666666666	0.9166666666666666
macro avg	0.9220779220779219	0.9220779220779219	0.9220779220779219	24.0
weighted avg	0.9166666666666666	0.9166666666666666	0.9166666666666666	24.0
